threads,errors,overloads,max,min,avg,cpu_count,cpu_percent,memory_percent,disk_io_read,disk_io_write
1000,0,1,1244.896,0.622,326.80460600000004,2,60.7,9.4,301216,56116
1020,0,23,1262.511,1.711,482.7088539215686,2,62.4,9.5,301216,56116
1040,0,16,1216.53,0.808,343.4147144230769,2,63.0,9.5,301216,56123
1060,0,16,1384.58,0.75,401.7891584905661,2,63.8,9.5,301216,56123
1080,0,13,1357.2,0.833,454.9224675925926,2,62.3,9.5,301216,56125
