threads,errors,overloads,max,min,avg,cpu_count,cpu_percent,memory_percent,disk_io_read,disk_io_write
500,0,0,277.384,0.638,108.715428,2,35.1,9.0,301887,126374
1000,0,4,1196.11,0.615,328.72025299999996,2,60.9,9.3,301887,126374
1500,0,164,2199.423,0.687,853.4789000000001,2,68.9,9.7,301887,126376
